Workbook
Name DataDate: 'Project Info'!$B$5

Sheet Project Info
A1: Project name | B1: Riverside Station Refurbishment
A2: Client | B2: Riverside Rail Ltd
A3: Start date | B3: 46113
A4: End date | B4: 46477
A5: Data date | B5: 46295
A6: Currency | B6: GBP
A7: Prepared by | B7: Ajay Singh

Sheet Budget
A1: Baseline Budget (£)
A3: WP ID | B3: Work package | C3: ='Project Info'!B3 -> 46113 | D3: =EDATE(C3, 1) -> 46143 | E3: =EDATE(D3, 1) -> 46174 | F3: =EDATE(E3, 1) -> 46204 | G3: =EDATE(F3, 1) -> 46235 | H3: =EDATE(G3, 1) -> 46266 | I3: =EDATE(H3, 1) -> 46296 | J3: =EDATE(I3, 1) -> 46327 | K3: =EDATE(J3, 1) -> 46357 | ... N3: =EDATE(M3, 1) -> 46447 | O3: Total
A4: WP01 | B4: Design and Surveys | C4: 60000 | D4: 50000 | E4: 40000 | F4: 20000 | G4: 10000 | H4: 0 | I4: 0 | J4: 0 | K4: 0 | L4: 0 | M4: 0 | N4: 0 | O4: =SUM(C4:N4) -> 180000
A5: WP02 | B5: Enabling Works | C5: 0 | D5: 20000 | E5: 40000 | F5: 40000 | G5: 20000 | H5: 0 | I5: 0 | J5: 0 | K5: 0 | L5: 0 | M5: 0 | N5: 0 | O5: =SUM(C5:N5) -> 120000
A6: WP03 | B6: Civils and Structures | C6: 0 | D6: 0 | E6: 40000 | F6: 80000 | G6: 120000 | H6: 140000 | I6: 140000 | J6: 120000 | K6: 60000 | L6: 0 | M6: 0 | N6: 0 | O6: =SUM(C6:N6) -> 700000
A7: WP04 | B7: Mechanical and Electrical | C7: 0 | D7: 0 | E7: 0 | F7: 0 | G7: 40000 | H7: 80000 | I7: 100000 | J7: 120000 | K7: 120000 | L7: 100000 | M7: 40000 | N7: 0 | O7: =SUM(C7:N7) -> 600000
A8: WP05 | B8: Fit-out and Finishes | C8: 0 | D8: 0 | E8: 0 | F8: 0 | G8: 0 | H8: 0 | I8: 50000 | J8: 100000 | K8: 120000 | L8: 140000 | M8: 120000 | N8: 70000 | O8: =SUM(C8:N8) -> 600000
A9: WP06 | B9: Testing and Handover | C9: 0 | D9: 0 | E9: 0 | F9: 0 | G9: 0 | H9: 0 | I9: 0 | J9: 0 | K9: 20000 | L9: 40000 | M9: 80000 | N9: 60000 | O9: =SUM(C9:N9) -> 200000
A10: Monthly Total | C10: =SUM(C4:C9) -> 60000 | D10: =SUM(D4:D9) -> 70000 | E10: =SUM(E4:E9) -> 120000 | F10: =SUM(F4:F9) -> 140000 | G10: =SUM(G4:G9) -> 190000 | H10: =SUM(H4:H9) -> 220000 | I10: =SUM(I4:I9) -> 290000 | J10: =SUM(J4:J9) -> 340000 | ... O10: =SUM(O4:O9) -> 2400000
A11: Cumulative Budget | C11: =C10 -> 60000 | D11: =C11+D10 -> 130000 | E11: =D11+E10 -> 250000 | F11: =E11+F10 -> 390000 | G11: =F11+G10 -> 580000 | H11: =G11+H10 -> 800000 | I11: =H11+I10 -> 1090000 | J11: =I11+J10 -> 1430000 | K11: =J11+K10 -> 1750000 | ... N11: =M11+N10 -> 2400000
A13: Check (should be 0) | O13: =SUM(O4:O9)-SUM(C10:N10) -> 0

Sheet Actuals
A1: Actual Cost (£)
A3: =Budget!A3 -> WP ID | B3: =Budget!B3 -> Work package | C3: =Budget!C3 -> 46113 | D3: =Budget!D3 -> 46143 | E3: =Budget!E3 -> 46174 | F3: =Budget!F3 -> 46204 | G3: =Budget!G3 -> 46235 | H3: =Budget!H3 -> 46266 | ... N3: =Budget!N3 -> 46447 | O3: Total
A4: =Budget!A4 -> WP01 | B4: =Budget!B4 -> Design and Surveys | C4: 62000 | D4: 55000 | E4: 45000 | F4: 25000 | G4: 12000 | H4: 5000 | O4: =SUM(C4:N4) -> 204000
A5: =Budget!A5 -> WP02 | B5: =Budget!B5 -> Enabling Works | C5: 0 | D5: 18000 | E5: 45000 | F5: 52000 | G5: 30000 | H5: 10000 | O5: =SUM(C5:N5) -> 155000
A6: =Budget!A6 -> WP03 | B6: =Budget!B6 -> Civils and Structures | C6: 0 | D6: 0 | E6: 30000 | F6: 65000 | G6: 100000 | H6: 115000 | O6: =SUM(C6:N6) -> 310000
A7: =Budget!A7 -> WP04 | B7: =Budget!B7 -> Mechanical and Electrical | C7: 0 | D7: 0 | E7: 0 | F7: 0 | G7: 35000 | H7: 75000 | O7: =SUM(C7:N7) -> 110000
A8: =Budget!A8 -> WP05 | B8: =Budget!B8 -> Fit-out and Finishes | C8: 0 | D8: 0 | E8: 0 | F8: 0 | G8: 0 | H8: 0 | O8: =SUM(C8:N8) -> 0
A9: =Budget!A9 -> WP06 | B9: =Budget!B9 -> Testing and Handover | C9: 0 | D9: 0 | E9: 0 | F9: 0 | G9: 0 | H9: 0 | O9: =SUM(C9:N9) -> 0
A10: Monthly total | C10: =SUM(C4:C9) -> 62000 | D10: =SUM(D4:D9) -> 73000 | E10: =SUM(E4:E9) -> 120000 | F10: =SUM(F4:F9) -> 142000 | G10: =SUM(G4:G9) -> 177000 | H10: =SUM(H4:H9) -> 205000 | I10: =SUM(I4:I9) -> 0 | J10: =SUM(J4:J9) -> 0 | ... O10: =SUM(O4:O9) -> 779000
A11: Cumulative actual | C11: =IF(C$3<=DataDate, C10, NA()) -> 62000 | D11: =IF(D$3<=DataDate, C11+D10, NA()) -> 135000 | E11: =IF(E$3<=DataDate, D11+E10, NA()) -> 255000 | F11: =IF(F$3<=DataDate, E11+F10, NA()) -> 397000 | G11: =IF(G$3<=DataDate, F11+G10, NA()) -> 574000 | H11: =IF(H$3<=DataDate, G11+H10, NA()) -> 779000 | I11: =IF(I$3<=DataDate, H11+I10, NA()) -> #N/A | J11: =IF(J$3<=DataDate, I11+J10, NA()) -> #N/A | K11: =IF(K$3<=DataDate, J11+K10, NA()) -> #N/A | ... N11: =IF(N$3<=DataDate, M11+N10, NA()) -> #N/A
A13: Check (should be 0) | O13: =SUM(O4:O9)-SUM(C10:N10) -> 0

Sheet Forecast
A1: Forecast (£)
A2: Inputs: forecast of remaining cost (Oct-26 onwards)
A3: =Budget!A3 -> WP ID | B3: =Budget!B3 -> Work package | C3: =Budget!C3 -> 46113 | D3: =Budget!D3 -> 46143 | E3: =Budget!E3 -> 46174 | F3: =Budget!F3 -> 46204 | G3: =Budget!G3 -> 46235 | H3: =Budget!H3 -> 46266 | ... N3: =Budget!N3 -> 46447 | O3: ETC
A4: =Budget!A4 -> WP01 | B4: =Budget!B4 -> Design and Surveys | I4: 3000 | J4: 0 | K4: 0 | L4: 0 | M4: 0 | N4: 0 | O4: =SUM(C4:N4) -> 3000
A5: =Budget!A5 -> WP02 | B5: =Budget!B5 -> Enabling Works | I5: 5000 | J5: 0 | K5: 0 | L5: 0 | M5: 0 | N5: 0 | O5: =SUM(C5:N5) -> 5000
A6: =Budget!A6 -> WP03 | B6: =Budget!B6 -> Civils and Structures | I6: 120000 | J6: 130000 | K6: 100000 | L6: 60000 | M6: 0 | N6: 0 | O6: =SUM(C6:N6) -> 410000
A7: =Budget!A7 -> WP04 | B7: =Budget!B7 -> Mechanical and Electrical | I7: 90000 | J7: 110000 | K7: 110000 | L7: 100000 | M7: 60000 | N7: 20000 | O7: =SUM(C7:N7) -> 490000
A8: =Budget!A8 -> WP05 | B8: =Budget!B8 -> Fit-out and Finishes | I8: 0 | J8: 60000 | K8: 100000 | L8: 130000 | M8: 160000 | N8: 150000 | O8: =SUM(C8:N8) -> 600000
A9: =Budget!A9 -> WP06 | B9: =Budget!B9 -> Testing and Handover | I9: 0 | J9: 0 | K9: 0 | L9: 20000 | M9: 60000 | N9: 120000 | O9: =SUM(C9:N9) -> 200000
A12: Outturn: actual to date + forecast
A13: =A3 -> WP ID | B13: =B3 -> Work package | C13: =C3 -> 46113 | D13: =D3 -> 46143 | E13: =E3 -> 46174 | F13: =F3 -> 46204 | G13: =G3 -> 46235 | H13: =H3 -> 46266 | ... N13: =N3 -> 46447 | O13: EAC
A14: =A4 -> WP01 | B14: =B4 -> Design and Surveys | C14: =IF(C$3<=DataDate, Actuals!C4, C4) -> 62000 | D14: =IF(D$3<=DataDate, Actuals!D4, D4) -> 55000 | E14: =IF(E$3<=DataDate, Actuals!E4, E4) -> 45000 | F14: =IF(F$3<=DataDate, Actuals!F4, F4) -> 25000 | G14: =IF(G$3<=DataDate, Actuals!G4, G4) -> 12000 | H14: =IF(H$3<=DataDate, Actuals!H4, H4) -> 5000 | I14: =IF(I$3<=DataDate, Actuals!I4, I4) -> 3000 | J14: =IF(J$3<=DataDate, Actuals!J4, J4) -> 0 | ... N14: =IF(N$3<=DataDate, Actuals!N4, N4) -> 0 | O14: =SUM(C14:N14) -> 207000
A15: =A5 -> WP02 | B15: =B5 -> Enabling Works | C15: =IF(C$3<=DataDate, Actuals!C5, C5) -> 0 | D15: =IF(D$3<=DataDate, Actuals!D5, D5) -> 18000 | E15: =IF(E$3<=DataDate, Actuals!E5, E5) -> 45000 | F15: =IF(F$3<=DataDate, Actuals!F5, F5) -> 52000 | G15: =IF(G$3<=DataDate, Actuals!G5, G5) -> 30000 | H15: =IF(H$3<=DataDate, Actuals!H5, H5) -> 10000 | I15: =IF(I$3<=DataDate, Actuals!I5, I5) -> 5000 | J15: =IF(J$3<=DataDate, Actuals!J5, J5) -> 0 | ... N15: =IF(N$3<=DataDate, Actuals!N5, N5) -> 0 | O15: =SUM(C15:N15) -> 160000
A16: =A6 -> WP03 | B16: =B6 -> Civils and Structures | C16: =IF(C$3<=DataDate, Actuals!C6, C6) -> 0 | D16: =IF(D$3<=DataDate, Actuals!D6, D6) -> 0 | E16: =IF(E$3<=DataDate, Actuals!E6, E6) -> 30000 | F16: =IF(F$3<=DataDate, Actuals!F6, F6) -> 65000 | G16: =IF(G$3<=DataDate, Actuals!G6, G6) -> 100000 | H16: =IF(H$3<=DataDate, Actuals!H6, H6) -> 115000 | I16: =IF(I$3<=DataDate, Actuals!I6, I6) -> 120000 | J16: =IF(J$3<=DataDate, Actuals!J6, J6) -> 130000 | ... N16: =IF(N$3<=DataDate, Actuals!N6, N6) -> 0 | O16: =SUM(C16:N16) -> 720000
A17: =A7 -> WP04 | B17: =B7 -> Mechanical and Electrical | C17: =IF(C$3<=DataDate, Actuals!C7, C7) -> 0 | D17: =IF(D$3<=DataDate, Actuals!D7, D7) -> 0 | E17: =IF(E$3<=DataDate, Actuals!E7, E7) -> 0 | F17: =IF(F$3<=DataDate, Actuals!F7, F7) -> 0 | G17: =IF(G$3<=DataDate, Actuals!G7, G7) -> 35000 | H17: =IF(H$3<=DataDate, Actuals!H7, H7) -> 75000 | I17: =IF(I$3<=DataDate, Actuals!I7, I7) -> 90000 | J17: =IF(J$3<=DataDate, Actuals!J7, J7) -> 110000 | ... N17: =IF(N$3<=DataDate, Actuals!N7, N7) -> 20000 | O17: =SUM(C17:N17) -> 600000
A18: =A8 -> WP05 | B18: =B8 -> Fit-out and Finishes | C18: =IF(C$3<=DataDate, Actuals!C8, C8) -> 0 | D18: =IF(D$3<=DataDate, Actuals!D8, D8) -> 0 | E18: =IF(E$3<=DataDate, Actuals!E8, E8) -> 0 | F18: =IF(F$3<=DataDate, Actuals!F8, F8) -> 0 | G18: =IF(G$3<=DataDate, Actuals!G8, G8) -> 0 | H18: =IF(H$3<=DataDate, Actuals!H8, H8) -> 0 | I18: =IF(I$3<=DataDate, Actuals!I8, I8) -> 0 | J18: =IF(J$3<=DataDate, Actuals!J8, J8) -> 60000 | ... N18: =IF(N$3<=DataDate, Actuals!N8, N8) -> 150000 | O18: =SUM(C18:N18) -> 600000
A19: =A9 -> WP06 | B19: =B9 -> Testing and Handover | C19: =IF(C$3<=DataDate, Actuals!C9, C9) -> 0 | D19: =IF(D$3<=DataDate, Actuals!D9, D9) -> 0 | E19: =IF(E$3<=DataDate, Actuals!E9, E9) -> 0 | F19: =IF(F$3<=DataDate, Actuals!F9, F9) -> 0 | G19: =IF(G$3<=DataDate, Actuals!G9, G9) -> 0 | H19: =IF(H$3<=DataDate, Actuals!H9, H9) -> 0 | I19: =IF(I$3<=DataDate, Actuals!I9, I9) -> 0 | J19: =IF(J$3<=DataDate, Actuals!J9, J9) -> 0 | ... N19: =IF(N$3<=DataDate, Actuals!N9, N9) -> 120000 | O19: =SUM(C19:N19) -> 200000
A20: Monthly total | C20: =SUM(C14:C19) -> 62000 | D20: =SUM(D14:D19) -> 73000 | E20: =SUM(E14:E19) -> 120000 | F20: =SUM(F14:F19) -> 142000 | G20: =SUM(G14:G19) -> 177000 | H20: =SUM(H14:H19) -> 205000 | I20: =SUM(I14:I19) -> 218000 | J20: =SUM(J14:J19) -> 300000 | ... O20: =SUM(O14:O19) -> 2487000
A21: Cumulative forecast | C21: =C20 -> 62000 | D21: =C21+D20 -> 135000 | E21: =D21+E20 -> 255000 | F21: =E21+F20 -> 397000 | G21: =F21+G20 -> 574000 | H21: =G21+H20 -> 779000 | I21: =H21+I20 -> 997000 | J21: =I21+J20 -> 1297000 | K21: =J21+K20 -> 1607000 | ... N21: =M21+N20 -> 2487000
A23: Check (should be 0) | O23: =O20-(Actuals!O10+SUM(O4:O9)) -> 0

Sheet Cost summary
A1: Cost Summary at Data Date (£)
A3: WP ID | B3: Work package | C3: Budget (BAC) | D3: Budget to date | E3: Actual to date | F3: Variance to date | G3: EAC | H3: Variance at completion | I3: VAC % | J3: Status
A4: =Budget!A4 -> WP01 | B4: =Budget!B4 -> Design and Surveys | C4: =Budget!O4 -> 180000 | D4: =SUMIF(Budget!$C$3:$N$3,"<="&DataDate,Budget!C4:N4) -> 180000 | E4: =Actuals!O4 -> 204000 | F4: =D4-E4 -> -24000 | G4: =Forecast!O14 -> 207000 | H4: =C4-G4 -> -27000 | I4: =IF(C4=0,0,H4/C4) -> -0.15 | J4: =IF(I4>=0,"Green",IF(I4>=-0.05,"Amber","Red")) -> Red
A5: =Budget!A5 -> WP02 | B5: =Budget!B5 -> Enabling Works | C5: =Budget!O5 -> 120000 | D5: =SUMIF(Budget!$C$3:$N$3,"<="&DataDate,Budget!C5:N5) -> 120000 | E5: =Actuals!O5 -> 155000 | F5: =D5-E5 -> -35000 | G5: =Forecast!O15 -> 160000 | H5: =C5-G5 -> -40000 | I5: =IF(C5=0,0,H5/C5) -> -0.33333333 | J5: =IF(I5>=0,"Green",IF(I5>=-0.05,"Amber","Red")) -> Red
A6: =Budget!A6 -> WP03 | B6: =Budget!B6 -> Civils and Structures | C6: =Budget!O6 -> 700000 | D6: =SUMIF(Budget!$C$3:$N$3,"<="&DataDate,Budget!C6:N6) -> 380000 | E6: =Actuals!O6 -> 310000 | F6: =D6-E6 -> 70000 | G6: =Forecast!O16 -> 720000 | H6: =C6-G6 -> -20000 | I6: =IF(C6=0,0,H6/C6) -> -0.028571429 | J6: =IF(I6>=0,"Green",IF(I6>=-0.05,"Amber","Red")) -> Amber
A7: =Budget!A7 -> WP04 | B7: =Budget!B7 -> Mechanical and Electrical | C7: =Budget!O7 -> 600000 | D7: =SUMIF(Budget!$C$3:$N$3,"<="&DataDate,Budget!C7:N7) -> 120000 | E7: =Actuals!O7 -> 110000 | F7: =D7-E7 -> 10000 | G7: =Forecast!O17 -> 600000 | H7: =C7-G7 -> 0 | I7: =IF(C7=0,0,H7/C7) -> 0 | J7: =IF(I7>=0,"Green",IF(I7>=-0.05,"Amber","Red")) -> Green
A8: =Budget!A8 -> WP05 | B8: =Budget!B8 -> Fit-out and Finishes | C8: =Budget!O8 -> 600000 | D8: =SUMIF(Budget!$C$3:$N$3,"<="&DataDate,Budget!C8:N8) -> 0 | E8: =Actuals!O8 -> 0 | F8: =D8-E8 -> 0 | G8: =Forecast!O18 -> 600000 | H8: =C8-G8 -> 0 | I8: =IF(C8=0,0,H8/C8) -> 0 | J8: =IF(I8>=0,"Green",IF(I8>=-0.05,"Amber","Red")) -> Green
A9: =Budget!A9 -> WP06 | B9: =Budget!B9 -> Testing and Handover | C9: =Budget!O9 -> 200000 | D9: =SUMIF(Budget!$C$3:$N$3,"<="&DataDate,Budget!C9:N9) -> 0 | E9: =Actuals!O9 -> 0 | F9: =D9-E9 -> 0 | G9: =Forecast!O19 -> 200000 | H9: =C9-G9 -> 0 | I9: =IF(C9=0,0,H9/C9) -> 0 | J9: =IF(I9>=0,"Green",IF(I9>=-0.05,"Amber","Red")) -> Green
A10: Total | C10: =SUM(C4:C9) -> 2400000 | D10: =SUMIF(Budget!$C$3:$N$3,"<="&DataDate,Budget!C10:N10) -> 800000 | E10: =SUM(E4:E9) -> 779000 | F10: =D10-E10 -> 21000 | G10: =SUM(G4:G9) -> 2487000 | H10: =C10-G10 -> -87000 | I10: =IF(C10=0,0,H10/C10) -> -0.03625 | J10: =IF(I10>=0,"Green",IF(I10>=-0.05,"Amber","Red")) -> Amber
A14: Check (should be 0) | G14: =G10-Forecast!O20 -> 0

Sheet Change Log
A1: Change Log
A3: Change ID | B3: Date raised | C3: WP ID | D3: Work package | E3: Description | F3: Reason | G3: Cost impact (£) | H3: Status | I3: Approved by | J3: Date approved
A4: CR001 | B4: 46188 | C4: WP02 | D4: =_xlfn.XLOOKUP(C4, Budget!$A$4:$A$9, Budget!$B$4:$B$9, "Not Found") -> Enabling Works | E4: Unforeseen utility diversion during enabling works | F4: Site condition | G4: 35000 | H4: Approved | I4: Project Sponsor | J4: 46203
A5: CR002 | B5: 46254 | C5: WP01 | D5: =_xlfn.XLOOKUP(C5, Budget!$A$4:$A$9, Budget!$B$4:$B$9, "Not Found") -> Design and Surveys | E5: Additional surveys requested by client | F5: Client request | G5: 25000 | H5: Approved | I5: Project Sponsor | J5: 46270
A6: CR003 | B6: 46290 | C6: WP03 | D6: =_xlfn.XLOOKUP(C6, Budget!$A$4:$A$9, Budget!$B$4:$B$9, "Not Found") -> Civils and Structures | E6: Extended working hours to recover civils delay | F6: Programme recovery | G6: 20000 | H6: Proposed
A9: Original budget (baseline) | B9: =Budget!O10 -> 2400000
A10: Approved changes | B10: =SUMIFS(G4:G20,H4:H20,"Approved") -> 60000
A11: Current approved budget | B11: =B9+B10 -> 2460000
A12: EAC | B12: =Forecast!O20 -> 2487000
A13: Variance vs current budget | B13: =B11-B12 -> -27000
A14: Pending changes (proposed) | B14: =SUMIFS(G4:G20,H4:H20,"Proposed") -> 20000

Sheet Risk Register
A1: Risk Register
A3: Risk ID | B3: Date raised | C3: WP ID | D3: Work package | E3: Description | F3: Owner | G3: Likelihood (1-5) | H3: Impact (1-5) | I3: Score | J3: Rating | K3: Cost exposure (£) | L3: Probability | M3: Expected value (£) | N3: Mitigation | O3: Status
A4: R001 | B4: 46266 | C4: WP03 | D4: =_xlfn.XLOOKUP(C4, Budget!$A$4:$A$9, Budget!$B$4:$B$9, "Not Found") -> Civils and Structures | E4: Poor ground conditions may delay civils works, increasing cost | F4: Civils Manager | G4: 4 | H4: 4 | I4: =G4*H4 -> 16 | J4: =IF(I4>=15,"High",IF(I4>=8,"Medium","Low")) -> High | K4: 60000 | L4: 0.5 | M4: =K4*L4 -> 30000 | N4: Extra ground investigation ahead of works | O4: Open
A5: R002 | B5: 46270 | C5: WP04 | D5: =_xlfn.XLOOKUP(C5, Budget!$A$4:$A$9, Budget!$B$4:$B$9, "Not Found") -> Mechanical and Electrical | E5: Long lead time on switchgear may delay M&E installation | F5: M&E Manager | G5: 3 | H5: 4 | I5: =G5*H5 -> 12 | J5: =IF(I5>=15,"High",IF(I5>=8,"Medium","Low")) -> Medium | K5: 40000 | L5: 0.4 | M5: =K5*L5 -> 16000 | N5: Order early and identify a backup supplier | O5: Open
A6: R003 | B6: 46275 | C6: WP05 | D6: =_xlfn.XLOOKUP(C6, Budget!$A$4:$A$9, Budget!$B$4:$B$9, "Not Found") -> Fit-out and Finishes | E6: Upstream delays may compress fit-out, needing overtime | F6: Project Manager | G6: 3 | H6: 3 | I6: =G6*H6 -> 9 | J6: =IF(I6>=15,"High",IF(I6>=8,"Medium","Low")) -> Medium | K6: 30000 | L6: 0.3 | M6: =K6*L6 -> 9000 | N6: Resequence works and agree weekend working | O6: Open
A7: R004 | B7: 46280 | C7: WP06 | D7: =_xlfn.XLOOKUP(C7, Budget!$A$4:$A$9, Budget!$B$4:$B$9, "Not Found") -> Testing and Handover | E7: Rail operator may refuse the testing possession window | F7: Project Manager | G7: 2 | H7: 5 | I7: =G7*H7 -> 10 | J7: =IF(I7>=15,"High",IF(I7>=8,"Medium","Low")) -> Medium | K7: 50000 | L7: 0.2 | M7: =K7*L7 -> 10000 | N7: Book possessions early with the operator | O7: Open
A8: R005 | B8: 46143 | C8: WP02 | D8: =_xlfn.XLOOKUP(C8, Budget!$A$4:$A$9, Budget!$B$4:$B$9, "Not Found") -> Enabling Works | E8: Further unrecorded utilities may be found during enabling works | F8: Enabling Lead | G8: 1 | H8: 3 | I8: =G8*H8 -> 3 | J8: =IF(I8>=15,"High",IF(I8>=8,"Medium","Low")) -> Low | K8: 20000 | L8: 0.1 | M8: =K8*L8 -> 2000 | N8: Utility survey before excavation | O8: Closed
A11: Open risk exposure (expected value) | B11: =SUMIFS(M4:M20,O4:O20,"Open") -> 65000
A12: EAC | B12: =Forecast!O20 -> 2487000
A13: Risk-adjusted EAC | B13: =B11+B12 -> 2552000
A14: Current approved budget | B14: ='Change Log'!B11 -> 2460000
A15: Risk-adjusted variance | B15: =B14-B13 -> -92000
A16: Open high risks | B16: =COUNTIFS(J4:J20,"High",O4:O20,"Open") -> 1

Sheet Dashboard
A1: Riverside Station Refurbishment: Cost Dashboard
A3: Data date | B3: =DataDate -> 46295
A4: Original budget | B4: =Budget!O10 -> 2400000
A5: Current approved budget | B5: ='Change Log'!B11 -> 2460000
A6: Actual to date | B6: =Actuals!O10 -> 779000
A7: EAC | B7: =Forecast!O20 -> 2487000
A8: Variance vs current budget | B8: ='Change Log'!B13 -> -27000
A9: Risk-adjusted EAC | B9: ='Risk Register'!B13 -> 2552000
A10: Open high risks | B10: ='Risk Register'!B16 -> 1
A11: Overall status | B11: =IF(B8>=0,"Green",IF(B8/B5>=-0.05,"Amber","Red")) -> Amber
A20: Month | C20: =Budget!C3 -> 46113 | D20: =Budget!D3 -> 46143 | E20: =Budget!E3 -> 46174 | F20: =Budget!F3 -> 46204 | G20: =Budget!G3 -> 46235 | H20: =Budget!H3 -> 46266 | I20: =Budget!I3 -> 46296 | J20: =Budget!J3 -> 46327 | ... N20: =Budget!N3 -> 46447
A21: Budget | C21: =Budget!C11 -> 60000 | D21: =Budget!D11 -> 130000 | E21: =Budget!E11 -> 250000 | F21: =Budget!F11 -> 390000 | G21: =Budget!G11 -> 580000 | H21: =Budget!H11 -> 800000 | I21: =Budget!I11 -> 1090000 | J21: =Budget!J11 -> 1430000 | ... N21: =Budget!N11 -> 2400000
A22: Actual | C22: =Actuals!C11 -> 62000 | D22: =Actuals!D11 -> 135000 | E22: =Actuals!E11 -> 255000 | F22: =Actuals!F11 -> 397000 | G22: =Actuals!G11 -> 574000 | H22: =Actuals!H11 -> 779000 | I22: =Actuals!I11 -> #N/A | J22: =Actuals!J11 -> #N/A | ... N22: =Actuals!N11 -> #N/A
A23: Forecast | C23: =Forecast!C21 -> 62000 | D23: =Forecast!D21 -> 135000 | E23: =Forecast!E21 -> 255000 | F23: =Forecast!F21 -> 397000 | G23: =Forecast!G21 -> 574000 | H23: =Forecast!H21 -> 779000 | I23: =Forecast!I21 -> 997000 | J23: =Forecast!J21 -> 1297000 | ... N23: =Forecast!N21 -> 2487000
A26: Work package | B26: Variance at completion
A27: ='Cost summary'!B4 -> Design and Surveys | B27: ='Cost summary'!H4 -> -27000
A28: ='Cost summary'!B5 -> Enabling Works | B28: ='Cost summary'!H5 -> -40000
A29: ='Cost summary'!B6 -> Civils and Structures | B29: ='Cost summary'!H6 -> -20000
A30: ='Cost summary'!B7 -> Mechanical and Electrical | B30: ='Cost summary'!H7 -> 0
A31: ='Cost summary'!B8 -> Fit-out and Finishes | B31: ='Cost summary'!H8 -> 0
A32: ='Cost summary'!B9 -> Testing and Handover | B32: ='Cost summary'!H9 -> 0
